Reference,Unit_L,Unit_W,Unit_H,Carton_L,Carton_W,Carton_H,Qty_Per_Carton,Description_1,Price,Inner,Material,Price_Type,MOQ
CEFC10000,24.9,20,5.3,60,52,44,384,,3.5,25,,2,
CEFC10001,13.4,17,1.7,62,38,32,576,,2,25,,2,
CEFC10002,24.9,21.6,6.1,60,52,44,384,,3.5,25,,2,
CEFC10003,26.2,17.9,4,60,52,44,384,,3.5,25,,2,
CEFC10004,22.6,19,4.6,82.5,47,27.5,400,,3.5,25,,2,
CEFC10005,22.8,18.7,3,49.6,39.5,39.5,384,,3.5,25,,2,
CEFC10005-1,19.7,16.5,2.2,72,43,54,640,,3,25,,2,
CEFC10006,22.6,21.8,1.8,52,52,42,3,,2,25,,2,
CEFC10007,24,17.1,5.7,49.6,39.5,39.5,,,2.8,25,,2,
CEFC10008,23.8,18.8,5,82.5,47,27.5,,红发鬼脸,2.6,25,,2,
CEFC10009,23.9,21,5,46,50,42,,,3,25,,2,
CEFC10010,25.8,29,4.5,82.5,47,27.5,,,3,25,,2,
CEFC10011,24.6,22.2,5.5,82.5,47,27.5,,,2.8,25,,2,
CEFC10012,16.3,15.5,1.8,46.5,40,53.5,6,,6,25,,2,
CEFC10012-1,16.3,15.5,1.8,46.5,40,53.5,6,,6,25,,2,
CEFC10012-S,22.9,20.2,5.8,49,64,48.5,500,,6,25,,2,
CEFC10013,24.5,19.5,4.4,49,64,48.5,500,女巫婆,3.5,25,,2,
CEFC10014,21.9,19.5,4.7,41,45,63.5,500,,4,25,,2,
CEFC10015,23.1,19.2,5.1,48,42,43,384,,3.8,25,,2,
CEFC10016,26.8,19.9,4.6,60,56,42,384,,4,25,,2,
CEFC10017,25,22.3,3.8,60,56,42,384,,4,25,,2,
CEFC10018,30.5,18.5,7.3,64,46,33,288,,4.5,25,,2,
CEFC10018-1,30.5,18.5,7.3,64,46,33,288,,4.5,25,,2,
CEFC10019,31.5,12.5,10.2,39,31,52,150,,4.5,25,,2,
CEFC10028,23.2,21.5,3.5,60,56,42,384,,4,25,,2,
CEFC10028-1,23.2,21.5,3.5,60,56,42,384,,4,25,,2,
CEFC10029,23.1,19.7,4,60,56,42,384,,4,25,,2,
CEFC10029-1,23.1,19.7,4,60,56,42,384,,4,25,,2,
CEFC10032,31,13.7,10.6,39,31,52,150,,4.5,25,,2,
CEFC10033,24.8,17.7,4.8,82.5,47,27.5,400,吸血鬼面具,4,25,,2,
CEFC10034,17.1,25.8,4.3,50,39,50,600,,3.5,25,,2,
CEFC10035,17,17.6,2.8,81,61,40,600,,3,25,,2,
CEFC10036,12.5,21.3,2.5,81,61,40,600,,3.2,25,,2,
CEFC10037,16.5,22.3,2.5,81,61,40,600,,3.2,25,,2,
CEFC10038,23,17.3,2.5,81,61,40,600,,4.5,25,,2,
CEFC10039,21.2,18.3,3.1,81,61,40,600,,5,25,,2,
CEFC10040,,,,,,,,,3.5,,,2,
CEFC10041,21.5,17,2.3,81,61,40,600,,2.8,25,,2,
CEFC10042,44.3,36.3,3.2,72,58,52,96,,8,25,,2,
CEFC10043,24.6,17.6,6.1,41,45,63.5,500,,3.5,25,,2,
CEFC10044,15.3,19,1.5,81,61,40,600,,3.5,25,,2,
CEFC10071,,,,,,,,,10,,,2,
CEFC10077,,,,,,,,,8.5,,,2,
CEFC10085,,,,,,,,,3.5,,,2,
CEFC10086,,,,,,,,,3,,,2,
CEFC10087,,,,,,,,,3.5,,,2,
CEFC10088,,,,,,,,,3.5,,,2,
CEFC10089,,,,,,,,,3.5,,,2,
CEFC10090,,,,,,,,,3.5,,,2,
CEFC10091,,,,,,,,,6,,,2,
CEFC10092,,,,,,,,,4,,,2,
CEFC10093-1,,,,,,,,,4,,,2,
CEFC10094,,,,,,,,,4,,,2,
CEFC10095,,,,,,,,,4,,,2,
CEFC10096,,,,,,,,,3.5,,,2,
CEFC10109-1,,,,,,,,,3.5,,,2,
CEFC10110-1,,,,,,,,,4.5,,,2,
CEFC10110-2,,,,,,,,,4.5,,,2,
CEFC10110-3,,,,,,,,,4.5,,,2,
CEFC10112,,,,,,,,,3.5,,,2,
CEFC10113,,,,,,,,,3,,,2,
CEFC10114,,,,,,,,,4,,,2,
CEFC10115,,,,,,,,,4,,,2,
CEFC10116,,,,,,,,,4,,,2,
CEFC10117,,,,,,,,,3.5,,,2,
CEFC10118,,,,,,,,,3.5,,,2,
CEFC10119,,,,,,,,,3.5,,,2,
CEFC10120,,,,,,,,,3.5,,,2,
CEFC10121,,,,,,,,,3.5,,,2,
CEFC10122,,,,,,,,,3.5,,,2,
CEFC10123,,,,,,,,,3.5,,,2,
CEFC10124,,,,,,,,头盔,10,6,,2,
CEFC10124A,,,,,,,,,10,,,2,
CEFC10124B,,,,,,,,,10,,,2,
CEFC10125,37.6,24,0.2,58,53,38,500,海盗单帽,2.5,25,,2,
CEFC10127,25.5,18.4,3.5,54,50,37,400,,5.5,25,,2,
CEFC10128,30.5,20.5,6.2,67,41,31,250,,5,25,,2,
CEFC10129,23.7,19.3,5.2,37,50,54,400,,5,25,,2,
CEFC10129A,23.7,19.3,5.2,37,50,54,400,,5,25,,2,
CEFC10129B,23.7,19.3,5.2,37,50,54,400,,3.5,25,,2,
CEFC10130 ,17.8,17.9,4,81,41,60,680,忍者神龟,3,25,,2,
CEFC10131,17.5,18.1,4,81,41,60,680,忍者神龟,3,25,,2,
CEFC10132,18.3,16.4,3.5,81,41,60,680,忍者神龟,3,25,,2,
CEFC10133,18.3,17.3,4,81,41,60,680,忍者神龟,3,25,,2,
CEFC10134,25.5,25.4,4,55,52,52,300,,6,25,,2,
CEFC10135,27,19.5,5,60,56,42,384,,4.5,25,,2,
CEFC10140,23.2,18.8,3.2,81,61,40,600,,4.5,25,,2,
CEFC10147,25.1,21,6.6,50,50,46,300,,4.5,25,,2,
CEFC10148,24.2,24,5.6,53,27,41,1000,黄虎,5.5,25,,2,
CEFC10149,25.9,22.5,7.5,49,29,61,300,狮子,4.8,25,,2,
CEFC10149-1,25.9,22.5,7.5,49,29,61,300,狮子,4.8,25,,2,
CEFC10149-2,25.9,22.5,7.5,49,29,61,300,狮子,4.8,25,,2,
CEFC10150,26.8,29.8,7.3,60,50,50,300,,5,25,,2,
CEFC10151,23.5,26.4,7.6,74.6,47.5,32,300,黄猫,5.5,25,,2,
CEFC10152,22.5,22.2,8.5,46,50,42,300,TOM猫,5.5,25,,2,
CEFC10152-1,,,,,,,,TOM猫,5.5,25,,2,
CEFC10153,21.5,20.4,8.6,67.6,43.3,32,300,白猫,4.5,25,,2,
CEFC10154,22.6,28.5,8.5,71,59,32,225,,5,25,,2,
CEFC10155,32.2,23,6.4,68,46,33,225,,6,25,,2,
CEFC10159,58.5,27,5,80,60,58,60,,18,1,,2,
CEFC10160,47,20.5,4.5,80,60,50,120,,18,1,,2,
CEFC10161,18.2,3.5,,77,72,60,40,,18,1,,2,
CEFC10170,24.5,20.4,5.1,60,52,44,384,,3.5,25,,2,
CEFC10173,23.5,19,2.5,49.6,39.5,39.5,384,,3.5,25,,2,
CEFC10174,27.7,21.4,10,53.7,47,46,300,,5,25,,2,
CEFC10175,24.6,26,9.8,50,27,72,300,沙皮狗,5,25,,2,
CEFC10176,25,23.5,9,51.5,48.5,44.5,300,,5,25,,2,
CEFC10177,29.8,20.6,8.6,57,35,42,150,双脸骷髅,6.5,25,,2,
CEFC10178,24.2,28.2,5.3,56,53,48,300,,4,25,,2,
CEFC10179,25,23.5,9,51.5,48.5,44.5,300,,4,25,,2,
CEFC10180,26.2,27,15.5,56,51.5,52,300,,5,25,,2,
CEFC10181,26.2,27,15.5,56,51.5,52,300,,5,25,,2,
CEFC10181-1,26.2,27,15.5,56,51.5,52,300,,5,25,,2,
CEFC10182,28,19.8,11.8,56,45.5,51,300,,5,25,,2,
CEFC10183,30.5,20,6.2,67,41,31,250,半面狼头,5,25,,2,
CEFC10184,,,,,,,,,9,,,2,
CEFC10185,,,,,,,,,9,,,2,
CEFC10186,,,,,,,,,12,,,2,
CEFC10187,,,,,,,,,9,,,2,
CEFC10188,,,,,,,,,12,,,2,
CEFC10190,24.2,28.2,5.3,56,53,48,300,,4,25,,2,
CEFC10191,33.7,19.6,10.5,60,40,30,150,,6.5,25,,2,
CEFC10192,30,22.5,8.2,60,46,30,200,,6.5,25,,2,
CEFC10193,31.2,31.3,9,57,35,42,150,,6.5,25,,2,
CEFC10194,30.5,22.5,9,60,50,40,192,,6.5,25,EVA,2,500
CEFC10195,27.5,24.3,9.8,57,35,42,150,红脸鬼面具,6,25,,2,
CEFC10196,27.3,23.8,13.5,56,48,40,200,,6,25,,2,
CEFC10197,24.5,21.2,14.8,48,38,49,300,,5.5,25,,2,
CEFC10198,23.3,20.9,13.6,48,38,49,300,,5.5,25,,2,
CEFC10199,24.1,23.2,15.7,49,26,52,1000,,5.5,25,,2,
CEFC10200,23.9,16.6,7.7,60,50,45,500,蜘蛛骷髅,4.5,25,,2,
CEFC10201,28.2,23,11,57,35,42,150,,6,25,,2,
CEFC10202,34.2,21,7,63,45,33,225,,5,25,,2,
CEFC10203,19.2,17.6,7.2,60,56,30,300,双面鬼脸,5.5,25,,2,
CEFC10204,30.7,23,7.5,60,46,30,200,,5,25,,2,
CEFC10205,27.5,26,18.5,54,31,66,1000,火鸟龙,6,25,,2,
CEFC10206,24.7,20.5,13.8,51.5,43.5,48,300,,5.5,25,,2,
CEFC10207,37.5,32.1,8.2,60,40,30,150,,6,25,,2,
CEFC10208,33.5,20.5,13.3,45.5,34.5,57,150,,6,25,,2,
CEFC10209,33.6,20.5,10.2,45,35,47,150,,6,25,,2,
CEFC10210,,,,,,,,马帽,6,,,2,
CEFC10210-1,,,,,,,,马帽,6,,,2,
CEFC10211,31.5,21.5,10.8,43,34,46,150,,6,25,,2,
CEFC10212,32.3,18,12,42,33,48,150,,6,25,,2,
CEFC10213,29.2,19.5,9.6,39,31,52,150,,6,25,,2,
CEFC10214,35.5,28.5,13.5,60,56,53,150,,10.5,25,,2,
CEFC10215,23,19,9.1,60,50,40,300,熊大,5,25,,2,
CEFC10216,23.9,18.8,8.5,60,50,40,300,熊二,5,25,,2,
CEFC10217,26.4,20.2,9,60,50,40,300,光头强,5,25,,2,
CEFC10219,22,24.5,9.5,68,52,47,216,,5.5,25,,2,
CEFC10220,22.3,22.6,9.1,68,52,47,216,,5.5,25,,2,
CEFC10220-1,22.3,22.6,9.1,68,52,47,216,,5.5,25,,2,
CEFC10221,,,,,,,,,9,,,2,
CEFC10222,,,,,,,,,9,,,2,
CEFC10234,,,,,,,,,9,,,2,
CEFC10235,,,,,,,,,4,,,2,
CEFC10236,,,,,,,,,4,,,2,
CEFC10237,,,,,,,,,4,,,2,
CEFC10238,,,,,,,,,4,,,2,
CEFC10239,,,,,,,,,4,,,2,
CEFC10240,,,,,,,,,4,,,2,
CEFC10241,,,,,,,,,4,,,2,
CEFC10242,,,,,,,,,3.5,,,2,
CEFC10243,,,,,,,,,3,,,2,
CEFC10244,,,,,,,,,3,,,2,
CEFC10245,,,,,,,,,3,,,2,
CEFC10246,,,,57,35,42,150,海盗骷髅头,6,25,,2,
CEFC10250,,,,,,,,,3,,,2,
CEFC10252,,,,,,,,,3,,,2,
CEFC10253,,,,,,,,,3,,,2,
CEFC10255,,,,,,,,,4.5,,,2,
CEFC10258,,,,,,,,,3.5,,,2,
CEFC10259,,,,,,,,,3.5,,,2,
CEFC10260,,,,,,,,,3.5,,,2,
CEFC10262,,,,,,,,,3.5,,,2,
CEFC10263,,,,,,,,,3.5,,,2,
CEFC10263-1,,,,,,,,,3.5,,,2,
CEFC10264,,,,,,,,,4,,,2,
CEFC10265,,,,,,,,,4.2,,,2,
CEFC10266,33.5,29.5,9,,,,,Clown,6,12,,2,
CEFC10267,,,,,,,,,6.5,,,2,
CEFC10268,,,,,,,,,6.5,,,2,
CEFC10269,,,,,,,,,7,,,2,
CEFC10270,,,,,,,,,2.5,,,2,
CEFC10271,,,,,,,,,2.5,,,2,
CEFC10272,,,,,,,,,2,,,2,
CEFC10273,,,,,,,,,2,,,2,
CEFC10274,,,,,,,,,5.5,25,,2,
CEFC10275,18,8.6,2.1,39,20,40,500,哈雷眼镜,4,25,,2,
CEFC10277,,,,,,,,,6,,,2,
CEFC10278,,,,,,,,,9,,,2,
CEFC10280,,,,,,,,,5.5,,,2,
CEFC10293,,,,,,,,,3.5,,,2,
CEFC10294,,,,,,,,,3.5,,,2,
CEFC10295,,,,,,,,,3.5,,,2,
CEFC10300,,,,,,,,,13,,,2,
CEFC10301,,,,,,,,,9,,,2,
CEFC10302,,,,,,,,,9,,,2,
CEFC10303,,,,,,,,,9,,,2,
CEFC10304,,,,,,,,,5,,,2,
CEFC10305,,,,,,,,,5,,,2,
CEFC10306,,,,,,,,,5,,,2,
CEFC10307,,,,,,,,,5.5,,,2,
CEFC10308,,,,,,,,,5.5,,,2,
CEFC10309,,,,,,,,,4.5,,,2,
CEFC10310,,,,,,,,,4.5,,,2,
CEFC10311,,,,,,,,,6.5,,,2,
CEFC10312,,,,,,,,,6.5,,,2,
CEFC10313,,,,,,,,,9,,,2,
CEFC10314,,,,,,,,,9,,,2,
CEFC10315,,,,,,,,,9,,,2,
CEFC10316,,,,,,,,,9,,,2,
CEFC10317,,,,,,,,,9,,,2,
CEFC10318,,,,,,,,,9,,,2,
CEFC10319,,,,,,,,,9,,,2,
CEFC10320,,,,,,,,,9,,,2,
CEFC10321,,,,,,,,,13,,,2,
CEFC10322,,,,,,,,,8,,,2,
CEFC10323,,,,,,,,,8,,,2,
CEFC10324,,,,,,,,,8,,,2,
CEFC10325,,,,,,,,,8,,,2,
CEFC10326,,,,,,,,,5.5,,,2,
CEFC10327,,,,,,,,,8,,,2,
CEFC10328,,,,,,,,,9,,,2,
CEFC10329,,,,,,,,,8,,,2,
CEFC10330,,,,,,,,,5,,,2,
CEFC10331,,,,,,,,,8,,,2,
CEFC10338,,,,,,,,,9,,,2,
CEFC10339,,,,,,,,,9,,,2,
CEFC10340,,,,,,,,,10,,,2,
CEFC10341,,,,,,,,,10,,,2,
CEFC10342,,,,,,,,,8,,,2,
CEFC10343,,,,,,,,,8,,,2,
CEFC10344,,,,,,,,,8,,,2,
CEFC10345,,,,,,,,,8,,,2,
CEFC10346,,,,,,,,,6,,,2,
CEFC10348,,,,,,,,,10,,,2,
CEFC10350,,,,,,,,,10,,,2,
CEFC10351-1,,,,,,,,活动手铐,10,6,,2,
CEFC10352,,,,,,,,手枪,8,6,,2,
CEFC10353,,,,,,,,左罗手枪,8,6,,2,
CEFC10354,,,,,,,,,3.5,,,2,
CEFC10354-1,,,,,,,,手枪套,2.8,6,,2,
CEFC10355,,,,,,,,,8,,,2,
CEFC10356,,,,,,,,,9,,,2,
CEFC10357,,,,,,,,,9,,,2,
CEFC10357-1,,,,,,,,,12,,,2,
CEFC10358,,,,,,,,,9,,,2,
CEFC10358-1,,,,,,,,,12,,,2,
CEFC10359,,,,,,,,,9,,,2,
CEFC10360,,,,,,,,电钻,8,6,,2,
CEFC10400,27.8,11,0.15,31,26,53,500,紫色皇冠,1.7,1,,2,
CEFC10400A,27.8,11,0.15,31,26,53,500,粉色皇冠,1.7,1,,2,
CEFC2004,,,,,,,,,6,,,2,
CEFC2004A,,,,,,,,,6,,,2,
CEFC2004B,,,,,,,,,6,,,2,
CEFC2005,,,,,,,,,6,,,2,
CEFC2007,,,,,,,,猴子,4.5,,,2,
CEFC2007-1,,,,,,,,猴子,4.5,,,2,
CEFC2008,,,,,,,,猴子,8.5,,,2,
CEFC20151,28,22,8.5,47,30,52,300,音乐鹦鹉,5.5,25,,2,
CEFC20152,30,23.5,8.2,47,32,51,300,头花鹦鹉,5.5,25,,2,
CEFC20153,27,23.5,4,60,40,60,288,大象,4.5,25,,2,
CEFC20154,31.5,26.5,5,60,40,60,144,猛犸,6,25,,2,
CEFC20155,22,22,12,60,40,60,240,海豹,5.5,25,,2,
CEFC20156,30,24,5,49,32,46,300,半兽人,6,25,,2,
CEFC20157,32.5,20.5,5,43,34,45,300,土著人,6,25,,2,
CEFC20158,26.8,32,4.1,56,34,47,300,月光女神,4.5,25,,2,
CEFC20158A,,,,,,,,,4.5,,,2,
CEFC20159,24.4,28.8,2.8,58,26,46,300,凤凰蝶,4.5,25,,2,
CEFC20160,24.5,17.2,4.8,37,26,48,300,复古面具,3.5,25,,2,
CEFC20161,20.9,17.9,3.5,38,23,45,300,防毒面具,3.5,25,,2,
CEFC20162,20.4,19,3.4,40,23,45,300,外星使者,3.5,25,,2,
CEFC20162-1,20.4,19,3.4,40,23,45,300,外星使者,3.5,25,,2,
CEFC20163,30,28,10,60,40,52,288,海盗帽子,6,25,,2,
CEFC20164,37.4,33.5,5,69,41,37,120,海盗衣服,12,12,,2,
CEFC20165,31,42,5.2,64,44,37,120,黄金甲,12,12,,2,
CEFC20166,18,21.2,5,45,38,43,500,钉帽小孩,4,25,,2,
CEFC20167,27.5,22.5,9.5,43,30,52,300,紫色鹦鹉,5.5,25,,2,
CEFC20168,22.5,23,5.7,48,24,47,300,半机械人,5.5,300,,2,
CEFC20169,32,27,5.4,54,34,48,300,石像鬼,5.5,25,,2,
CEFC20170,36,29.5,6.8,61,38,49,300,黄金头盔,6.5,25,,2,
CEFC20171,29,21,7.9,41,31,49,300,蝰蛇,5.5,25,,2,
CEFC20172,30.5,23.3,4.5,48,32,45,300,机械战警,6,25,,2,
CEFC20173,30,24,8.5,52,32,47,300,狐狸,5.5,25,,2,
CEFC20173A,30,24,8.5,52,32,47,300,黑狐,5,25,,2,
CEFC20173B,30,24,8.5,52,32,47,300,白狐,5,25,,2,
CEFC20174,27.8,29,9.8,59,28,52,300,角山羊,5.5,25,,2,
CEFC20174A,27.8,29,9.8,59,28,52,300,角山羊脸白款,5.5,25,,2,
CEFC20174B,27.8,29,9.8,59,28,52,300,角山羊黑角款,5.5,25,,2,
CEFC20175,31.3,24,4.5,50,33,45,300,面具男,5.5,25,,2,
CEFC20176,26.2,25,5.5,51,28,46,300,耳环海盗,5,25,,2,
CEFC20177,43,33,6,68,45,48,300,海盗王,7,25,,2,
CEFC20178,43,31.5,5.8,59,47,49,300,黑帽海盗,7,25,,2,
CEFC20179,34,18,14,60,40,,240,斑马,6,25,,2,
CEFC20180,26.2,24.7,12.5,51,28,55,300,白鹰,6,25,,2,
CEFC20180A,26.2,24.7,12.5,51,28,55,300,老鹰,6,25,,2,
CEFC20181,27,24.2,9,51,30,52,300,猫头鹰,6,25,,2,
CEFC20181A,27,24.2,9,51,30,52,300,白猫头鹰,6,25,,2,
CEFC20182,24.5,28.5,4.8,53,31,48,300,彩蝶,5.5,25,,2,
CEFC20183,30.5,20.3,7.6,43,33,51,300,石头人,5,25,,2,
CEFC20184,32.3,25.8,7.7,54,35,51,300,大嘴怪,5.5,25,,2,
CEFC20185,36,27.5,8,52,37,52,300,棕色海马,5.5,25,,2,
CEFC20185A,36,27.5,8,52,37,52,300,蓝色海马,5.5,25,,2,
CEFC20185B,36,27.5,8,52,37,52,300,黄色海马,5.5,25,,2,
CEFC20185C,36,27.5,8,52,37,52,300,Pink Seahorse,5.5,25,,2,
CEFC20186,30.5,34,10,60,40,60,144,开口鲨鱼,6,25,,2,
CEFC20186-1,30.5,34,10,60,40,60,144,开口鲨鱼,6,25,,2,
CEFC20187,30.7,26,8.8,53,32,51,300,黄色哈巴狗,5.5,25,,2,
CEFC20187A,30.7,26,8.8,53,32,51,300,棕色哈巴狗,5.5,25,,2,
CEFC20188,32.2,22.4,11.8,45,34,55,300,棕马,5.5,25,,2,
CEFC20188A,32.2,22.4,11.8,45,34,55,300,白头马,5.5,25,,2,
CEFC20189,30.5,29.1,7.2,61,33,50,300,狂牛,5.5,25,,2,
CEFC20190,30.5,24,6,48,33,50,300,灰熊,5.5,25,,2,
CEFC20191,28.2,22.3,6.7,46,30,48,300,三面鬼头,5.5,25,,2,
CEFC20192,34.2,26,8.6,53,36,51,300,哈士奇,6,25,,2,
CEFC20192A,,,,,,,,,6,,,2,
CEFC20193,30,33,9.8,68,32,53,300,金龙,7,25,,2,
CEFC20194,37.8,24.5,11,51,39,54,300,公鸡,6,25,,2,
CEFC20195,27.8,28.4,5,59,29,48,300,血妖,5.5,25,,2,
CEFC20196,33.2,29.5,4,61,36,47,300,六爪鬼面,8,25,,2,
CEFC20197,25.5,27,4.5,55,27,47,300,流光蝶,6,25,,2,
CEFC20197-1,,,,,,,,紫色蝴蝶面具,6,25,,2,
CEFC20198,30.8,25,5,51,33,47,300,蓝魔,5.5,25,,2,
CEFC20198-1,30.8,25,5,51,33,47,300,Red devil,5.5,25,,2,
CEFC20199,,,,43,30,52,300,绿鹦鹉,5.5,25,,2,
CEFC20200,,,,47,32,51,300,兰鹦鹉,5.5,25,,2,
CEFC20201,,,,,,,,,6,,,2,
CEFC20202,,,,,,,,,5,,,2,
CEFC20203,,,,,,,,,6,,,2,
CEFC20204,,,,,,,,万圣节吸血,7,,,2,
CEFC20204-1,,,,,,,,万圣节吸血,5,,,2,
CEFC20205,,,,,,,,万圣节鬼脸,7,,,2,
CEFC20205-1,,,,,,,,万圣节鬼脸,5,,,2,
CEFC20206,,,,,,,,万圣节南瓜,7,,,2,
CEFC20206-1,,,,,,,,万圣节南瓜,4.5,,,2,
CEFC20207,,,,,,,,万圣节女巫,7,,,2,
CEFC20207-1,,,,,,,,万圣节女巫,5,,,2,
CEFC20210,27,25,7,52,28,60,,,5.5,25,,2,
CEFC20211,28.5,22,8,45,28,60,,,5.5,25,,2,
CEFC20212,23,20,7,40,25,60,,,5.5,25,,2,
CEFC20213,27,24,8,50,28,60,,,5.5,25,,2,
CEFC20214,22.5,25,11.5,46,26,70,,,5,25,,2,
CEFC20214-1,22.5,25,11.5,46,26,70,,,5,25,,2,
CEFC20214-2,22.5,25,11.5,46,26,70,,,5,25,,2,
CEFC20215,21,20.5,12.5,42,22,70,,,5.5,25,,2,
CEFC20216,21,20,10.5,42,22,70,,,5.5,25,,2,
CEFC20217,21,21,13,42,22,70,,,5.5,25,,2,
CEFC20218,28.5,21.5,7,44,28,60,,,5.5,25,,2,
CEFC20218-1,28.5,21.5,7,44,28,60,,,8,25,,2,
CEFC20219,36.3,26.5,9.5,54,38,65,,,8,6,,2,
CEFC20220,42.5,28,9.5,60,44,65,,,8,6,,2,
CEFC20221,,,,,,,,,8,,,2,
CEFC20221-1,,,,,,,,,4.5,,,2,
CEFC20222,,,,,,,,,8,,,2,
CEFC20223,,,,,,,,,3.5,,,2,
CEFC20223-1,,,,,,,,头巾鬼脸,6,,,2,
CEFC20224,,,,,,,,头巾鬼脸,3.5,,,2,
CEFC20224-1,,,,,,,,头巾鬼脸,6,,,2,
CEFC20225,,,,,,,,,8,,,2,
CEFC20225-1,,,,,,,,,12,,,2,
CEFC20226,,,,,,,,,4,,,2,
CEFC20227,,,,,,,,,4,,,2,
CEFC20228,,,,,,,,,4,,,2,
CEFC20229,,,,,,,,,4,,,2,
CEFC20230,,,,,,,,,7,,,2,
CEFC20231,,,,,,,,,7,,,2,
CEFC20232,,,,,,,,,7,,,2,
CEFC20233,,,,,,,,,8,,,2,
CEFC20234,,,,,,,,,12,,,2,
CEFC20235,,,,,,,,,7,,,2,
CEFC20235-1,,,,,,,,,10,,,2,
CEFC20236,,,,,,,,,5.5,,,2,
CEFC20237,,,,,,,,,5.5,,,2,
CEFC20238,,,,,,,,,4.5,,,2,
CEFC20239,,,,,,,,,3.5,,,2,
CEFC20240,,,,,,,,,3.5,,,2,
CEFC20241,,,,,,,,,3.5,,,2,
CEFC20242,,,,,,,,,4,,,2,
CEFC20243,,,,,,,,,3.5,,,2,
CEFC20244,,,,,,,,,3.5,,,2,
CEFC20244-1,,,,,,,,,3.5,,,2,
CEFC20244A,,,,,,,,,3.5,,,2,
CEFC20245,,,,,,,,,3.5,,,2,
CEFC20246,25.5,21,5.6,60,50,40,192,EVA万圣节面具,3.5,,EVA,2,500
CEFC20247,24,17,5.5,60,50,40,192,,5.5,,EVA,2,500
CEFC20248,30.5,23,7,60,50,40,192,,5.5,,EVA,2,
CEFC20249,27.5,21,6.5,60,50,40,192,EVA万圣节面具,4,,EVA,2,500
CEFC20250,23,8,5,60,50,40,192,EVA万圣节面具,5.5,,EVA,2,
CEFC20251,24,22.5,5.6,60,50,40,192,EVA万圣节面具,4,,EVA,2,
CEFC20252,,,,,,,,EVA万圣节面具,5,,,2,500
CEFC20253,,,,,,,,万圣节鬼脸,7,,,2,
CEFC20254,,,,,,,,万圣节鬼脸,7,,,2,
CEFC20255,,,,,,,,万圣节僵尸,7,,,2,
CEFC20256,,,,,,,,万圣节红魔,7,,,2,
CEFC20257,,,,,,,,,7,,,2,
CEFC20258,,,,,,,,万圣节头巾鬼脸,7,,PVC,2,
CEFC20258-1,,,,,,,,万圣节头巾鬼脸,7,,PVC,2,
CEFC20258-2,,,,,,,,夜光死神头巾面具,12,25,,2,
CEFC20258-3 ,,,,,,,,死神带血头巾面具,8.5,25,,2,
CEFC20259 ,,,,,,,,EVA机器人面具带血,5,25,,2,
CEFC20259-1 ,,,,,,,,EVA机器人面具带血,5.5,25,,2,
CEFC20259-2,,,,,,,,银色骷髅,5,,,2,
CEFC20259-2-PVC,,,,,,,,银色骷髅,5,,,2,
CEFC20259-3,,,,,,,,,5.5,,,2,
CEFC20260,,,,,,,,,6.5,,,2,
CEFC20261 ,,,,,,,,吸血鬼面具,5,25,,2,
CEFC20262,,,,,,,,,4.5,,,2,
CEFC20262-1,,,,,,,,,4.5,,,2,
CEFC20263,,,,,,,,大仿古僵户面具,7,25,,2,
CEFC20264,,,,,,,,绿色僵户,5,25,,2,
CEFC20265,,,,,,,,白色半脸面具,3,25,,2,
CEFC20265-1,,,,,,,,夜光半脸面具,5.5,25,,2,
CEFC20265-2,,,,,,,,夜光半脸面具,3,25,,2,
CEFC20266,,,,,,,,开口面具,7,,,2,
CEFC20266-1,,,,,,,,夜光开口组合面具,10,25,,2,
CEFC20266-2,,,,,,,,带血开口组合面具,7.5,25,,2,
CEFC20266-3,,,,,,,,带血开口组合面具,7.5,25,,2,
CEFC20267,,,,,,,,,5,,,2,
CEFC20267-1,,,,,,,,,6,25,,2,
CEFC20267-2,,,,,,,,仿古骷髅面具,5.5,25,,2,
CEFC20267-3,,,,,,,,仿古骷髅头盔,13,6,,2,
CEFC20268,,,,,,,,,3,25,,2,
CEFC20268-1,,,,,,,,夜光僵户面具,6,25,,2,
CEFC20268-2,,,,,,,,普通白色带血僵户,5,25,,2,
CEFC20268-3,,,,,,,,,3,25,,2,
CEFC20268-4,,,,,,,,,5,25,,2,
CEFC20269,,,,,,,,黄豹,6,25,,2,
CEFC20269-1,,,,,,,,雪豹面具,6,25,,2,
CEFC20269-2,,,,,,,,仿银豹子,5,25,,2,
CEFC20270,,,,,,,,夜光死神面具,13,25,,2,
CEFC20272,,,,,,,,缝线恶魔面具,5.8,25,,2,
CEFC20273,8,6,2,60,40,40,3500,海盗眼罩,2,25,,2,
CEFC20274,,,,,,,,,2,,,2,
CEFC20275,,,,,,,,微笑小丑,4.95,25,,1,
CEFC20276,27,18,5,,,,,Red hair clown,10,12,,2,
CEFC20277,,,,,,,,,13,,,2,
CEFC20277-1,27.5,32,6.5,,,,,Zombie bear mask,13,12,,2,
CEFC20278,,,,,,,,埃及法老面具,8,25,,2,
CEFC20279,26,7.5,2.5,,,,,Devil mask (kid),6,12,,2,
CEFC20279-1,29,20,3.5,,,,,Devil mask (adult),6,12,,2,
CEFC20280,,,,,,,,Donald Trump,6,25,,2,
CEFC20281,,,,,,,,Hilary,6,25,,2,
CEFC20282,,,,,,,,,6.5,,,2,
CEFC20283,,,,,,,,,6.5,,,2,
CEFC20284,,,,,,,,,6.5,,,2,
CEFC20285,,,,,,,,Zombie T-Rex,15,,,2,
CEFC20286,25,23,10,,,,,Zombie panda delux,13,12,,2,
CEFC20287,26,27,27.5,,,,,Zombie monkey delux,13,12,,2,
CEFC20288,26,27,27.5,,,,,Zombie monkey delux,13,12,,2,
CEFC20289,35,34,8,,,,,Zombie bunny delux,13,12,,2,
CEFC20290,34,19,4.5,,,,,Zombie bunny,10,12,,2,
CEFC20291,,,,,,,,,4.5,,,2,
CEFC20292,,,,,,,,斑马,6,,,2,
CEFC20293,,,,,,,,,5.5,,,2,
CEFC20294,24,18,6.5,,,,,Luminous Mutated Clown,8,12,,2,
CEFC20294-1,24,18,6.5,,,,,Luminous Mutated Clown,8,12,,2,
CEFC20295,,,,,,,,,6,,,2,
CEFC20296,,,,,,,,,6,,,2,
CEFC20297,,,,,,,,,5,,,2,
CEFC20298,,,,,,,,,6,12,,2,
CEFC20299,,,,,,,,小狐狸,6,12,,2,
CEFC20299-1,,,,,,,,成人款,6,12,,2,
CEFC20300,,,,,,,,兔子,6,12,,2,
CEFC20301,,,,,,,,牛警,6,12,,2,
CEFC20302,,,,,,,,Blue parrot,5.5,,,2,
CEFC20303,27,18,5.55,,,,,skull clown,8,12,,2,
CEFC20303-1,27,19,6.5,,,,,Heart-shared zombie clown,10,12,,2,
CEFC20303-2,,,,,,,,小丑,7.5,,,2,
CEFC20306,,,,,,,,灰狼,6,,,2,
CEFC20312,,,,,,,,棕熊,5.5,,,2,
CEFC20312-1,,,,,,,,EVA黑熊,5.5,,,2,
CEFC20312-2,,,,,,,,EVA黑熊,5.5,,,2,
CEFC20315-1,39,23,10,,,,,Vampire zombie bunny,8,,,2,
CEFC20327,,,,,,,,,5.5,,,2,
CEFC20328,,,,,,,,绵羊,4.5,,,2,
CEFC20343,,,,,,,,夜光骷髅头带头巾,7,,,2,
CEFC20344,,,,,,,,死神面具带头巾,7,,,2,
CEFC20357,,,,,,,,,15,,,2,
CEFC20440,31,29,6.5,,,,,skull clown,6.5,,,2,
CEFC20441,41,28.5,5,,,,,Blue fierce beast armor,13,,,2,
CEFC20441-1,24,16,10,,,,,Blue beast helmet,5.5,,,2,
CEFC20442,41,28,5,,,,,Golden fierce beast armor,13,12,,2,
CEFC20442-1,24,16,10,,,,,Golden beast helmet,5.5,12,,2,
CEFC20500,26,30,,53,28,60,,古罗马头盔,13,6,,2,
CEFC20500-1,,,,,,,,金色,13,,,2,
CEFC20501,55,47.5,5.5,56,48,60,,古罗马凯甲,15,6,,2,
CEFC20501-1,,,,,,,,金色,15,,,2,
CEFC20502,43,68,1.5,45,32,70,,古罗马凯甲裙,15,6,,2,
CEFC20502-1,,,,,,,,金色,15,,,2,
CEFC20503,22,31.5,,45,25,60,,,13,6,,2,
CEFC20504,51,46,7.5,52,48,60,,,12,6,,2,
CEFC20506,,,,,,,,,15,,,2,
CEFC20507,,,,,,,,,18,,,2,
CEFC20507-1,,,,,,,,,18,,,2,
CEFC20507-2,,,,,,,,,18,,,2,
CEFC20511,,,,,,,,仿古骷髅头头盔,18,6,,2,
CEFC20511-1,,,,,,,,夜光骷髅头头盔,25,6,,2,
CEFC20512,,,,,,,,古铜色罗马头盔,15,6,,2,
CEFC20514,,,,,,,,,60,,,2,
CEFC20515,,,,,,,,,15,,,2,
CEFC20515-1,,,,,,,,,15,,,2,
CEFC20516,,,,,,,,罗马宝剑带剑削套装,25,6,,2,
CEFC20517,,,,,,,,古铜斗牛士面具,8,6,,2,
CEFC20518,,,,,,,,古铜斗牛士面具,8,6,,2,
CEFC20519,,,,,,,,,15,,,2,
CEFC20521,,,,,,,,,15,,,2,
CEFC20521-1,,,,,,,,,15,,,2,
CEFC20523A,,,,,,,,,6,,,2,
CEFC20523B,,,,,,,,,6,,,2,
CEFC20523C,,,,,,,,破角仿古砍刀,7,6,,2,
CEFC20523D,,,,,,,,砍刀,8,6,,2,
CEFC20524,,,,,,,,,20,,,2,
CEFC20524-1,,,,,,,,万圣节骨架衣服,30,1,,2,
CEFC20526,,,,,,,,,18,,,2,
CEFC20526-1,,,,,,,,,28,,,2,
CEFC20527,,,,,,,,,18,,,2,
CEFC20527-1,,,,,,,,万圣节骨架衣服,18.5,1,,2,
CEFC20528,,,,,,,,,20,,,2,
CEFC20529,,,,,,,,,7,,,2,
CEFC20530,,,,,,,,胸罩,4.5,25,,2,
CEFC20530-1 ,,,,,,,,夜光胸罩,8,25,,2,
CEFC20530-2,,,,,,,,,6,,,2,
CEFC20530-3,,,,,,,,,6,,,2,
CEFC20530-4,,,,,,,,,5.5,,,2,
CEFC20531,,,,,,,,,7,,,2,
CEFC20532,,,,,,,,,10,,,2,
CEFC20533,,,,,,,,,30,,,2,
CEFC20534,,,,,,,,,15,,,2,
CEFC20537,,,,,,,,,15,,,2,
CEFC20539,,,,,,,,,15,,,2,
CEFC20540,,,,,,,,,25,,,2,
CEFC20541,,,,,,,,,25,,,2,
CEFC20542,,,,,,,,,25,,,2,
CEFC20550,,,,,,,,,25,,,2,
CEFC20551,,,,,,,,,25,,,2,
CEFC20552,,,,,,,,,6,,,2,
CEFC20553,,,,,,,,牛仔帽子,9,6,,2,
CEFC20555,,,,,,,20,太空头盔,25,,,2,
CEFC20556,,,,,,,,,10,,,2,
CEFC20556-1,,,,,,,,,12,,,2,
CEFC20557,,,,,,,,,20,,,2,
CEFC20557-1,,,,,,,,成人,20,,,2,
CEFC20557-2,,,,,,,,儿童,20,,,2,
CEFC20557-3,,,,,,,,儿童,20,,,2,
CEFC20558,,,,,,,,,25,,,2,
CEFC20558-1,,,,,,,,,25,,,2,
CEFC20560,,,,,,,,EVA狐狸,8,,,2,
CEFC20600,,,,,,,,罗西（母猪）,4.5,25,,2,
CEFC20601,,,,,,,,公猪,4.5,25,,2,
CEFC20602,,,,,,,,老鼠,5,25,,2,
CEFC20603,,,,,,,,月伯乐（考拉）,5,25,,2,
CEFC20604,,,,,,,,米娜（女象）,5,25,,2,
CEFC20605,,,,,,,,艾什（刺猬）,7,25,,2,
CEFC20606,,,,,,,,黑猩猩,6,25,,2,
CEFC20607,,,,,,,,埃及艳后,8,25,,2,
CEFC20608,,,,,,,,吸血鬼(大),8,25,,2,
CEFC20608-1,,,,,,,,吸血鬼(小),6,25,,2,
CEFC30123,,,,,,,,狐猴,5,,,2,
CEFC30124,,,,,,,,浣熊,5,,,2,
CEFC30125,,,,,,,,恐龙,8,,,2,
CEFC30126,,,,,,,,鲨鱼,8,,,2,
CEFC30127,,,,,,,,狼,5.5,,,2,
CEFC30128,,,,,,,,猛犸象,5.5,,,2,
CEFC30129,,,,,,,,亮片蝴蝶,6,,,2,
CEFC31006,,,,,,,,卡通考拉,7,,,2,
CEFC31007,,,,,,,,卡通老虎,6,,,2,
CEFC31008,,,,,,,,卡通猫,6,,,2,
CEFC31009,,,,,,,,卡通狐狸（红）,5.5,,,2,
CEFC31010,,,,,,,,卡通狐狸（棕）,5.5,,,2,
CEFC4001,,,,,,,,骷髅鬼,6,,,2,
CEFC4002,,,,,,,,食尸鬼,6,,,2,
CEFC49118,,,,,,,,PVC,6.5,,,2,
CEFC49119,,,,,,,,PVC,7.5,,,2,
