Reference,Description_1,Unit_L,Unit_W,Unit_H,Test_Peformed,Materials,Price,Description_2,Price_Type,MOQ,Qty_Per_Carton,Carton_L,Carton_W,Carton_H
HP-L001,Halloween necklace,40,,,,Alloy/Resin/Plastic/ABS,,,1,,,,,
HP-L002,Halloween necklace,40,,,,Alloy/Resin/Plastic/ABS,,,1,,,,,
HP-L003,Halloween necklace,40,,,,Alloy/Resin/Plastic/ABS,,,1,,,,,
HP-L003-2,Halloween necklace,40,,,,Alloy/Resin/Plastic/ABS,,,1,,,,,
HP-L004,Halloween necklace,40,,,,Alloy/Resin/Plastic/ABS,1.99,,1,,,,,
HP-L005,Halloween necklace,40,,,,Alloy/Resin/Plastic/ABS,1.9,,1,,,,,
HP-L005B,Halloween necklace,40,,,,Alloy/Resin/Plastic/ABS,1.9,,1,,,,,
HP-L006,Halloween necklace,40,,,,Alloy/Resin/Plastic/ABS,3.86,,1,,240,30,25,30
HP-L007,Halloween necklace,40,,,,Alloy/Resin/Plastic/ABS,,,1,,,,,
HP-L008,Halloween bracelet,,,,,Alloy/Resin/Plastic/ABS,2.95,,1,,,,,
HP-L009,Halloween necklace,40,,,,Alloy/Resin/Plastic/ABS,2.98,,1,,120,30,25,25
HP-L010,Halloween necklace,40,,,,Alloy/Resin/Plastic/ABS,,,1,,,,,
HP-L012,Halloween necklace,40,,,,Alloy/Resin/Plastic/ABS,,,1,,,,,
HP-L013,Halloween necklace,40,,,,Alloy/Resin/Plastic/ABS,,,1,,,,,
HP-L015,Halloween necklace,40,,,,Alloy/Resin/Plastic/ABS,,,1,,,,,
HP-L015B,Halloween necklace,40,,,,Alloy/Resin/Plastic/ABS,,,1,,,,,
HP-L015C,Halloween necklace,40,,,,Alloy/Resin/Plastic/ABS,,,1,,,,,
HP-L015D,Halloween necklace,40,,,,Alloy/Resin/Plastic/ABS,,,1,,,,,
HP-L015E,Halloween necklace,40,,,,Alloy/Resin/Plastic/ABS,,,1,,,,,
HP-L016,Halloween necklace,40,,,,Alloy/Resin/Plastic/ABS,,,1,,,,,
HP-L017,Halloween necklace,40,,,,Alloy/Resin/Plastic/ABS,2.6,,1,,,,,
HP-L018,Halloween necklace,40,,,,Alloy/Resin/Plastic/ABS,,,1,,,,,
HP-L019,Halloween necklace,40,,,,Alloy/Resin/Plastic/ABS,,,1,,,,,
HP-L020,Halloween necklace,40,,,,Alloy/Resin/Plastic/ABS,10.46,,1,,,,,
HP-L021,Halloween necklace,40,,,,Alloy/Resin/Plastic/ABS,,,1,,,,,
HP-L022,Halloween necklace,40,,,,Alloy/Resin/Plastic/ABS,,,1,,,,,
HP-L024,Halloween necklace,40,,,,Alloy/Resin/Plastic/ABS,,,1,,,,,
HP-L025,Halloween necklace,40,,,,Alloy/Resin/Plastic/ABS,,,1,,,,,
HP-L026,Halloween necklace,40,,,,Alloy/Resin/Plastic/ABS,,,1,,,,,
HP-L028,Halloween necklace,40,,,,Alloy/Resin/Plastic/ABS,,,1,,,,,
HP-L029,Halloween necklace,40,,,,Alloy/Resin/Plastic/ABS,,,1,,,,,
HP-L030,Halloween necklace,40,,,,Alloy/Resin/Plastic/ABS,,,1,,,,,
HP-L031,Halloween necklace,40,,,,Alloy/Resin/Plastic/ABS,,,1,,,,,
HP-L032,Halloween necklace,40,,,,Alloy/Resin/Plastic/ABS,,,1,,,,,
HP-L033,Halloween necklace,40,,,,Alloy/Resin/Plastic/ABS,,,1,,,,,
HP-L033B,Halloween necklace,40,,,,Alloy/Resin/Plastic/ABS,,,1,,,,,
HP-L034,Halloween necklace,40,,,,Alloy/Resin/Plastic/ABS,,,1,,,,,
HP-L035,Halloween necklace,40,,,,Alloy/Resin/Plastic/ABS,,,1,,,,,
HP-L036,Halloween necklace,40,,,,Alloy/Resin/Plastic/ABS,,,1,,,,,
HP-L037,Halloween necklace,40,,,,Alloy/Resin/Plastic/ABS,1.99,,1,,240,30,20,20
HP-L038,Halloween necklace,40,,,,Alloy/Resin/Plastic/ABS,,,1,,,,,
HP-L039,Halloween necklace,40,,,,Alloy/Resin/Plastic/ABS,,,1,,,,,
HP-L040,Halloween necklace,40,,,,Alloy/Resin/Plastic/ABS,,,1,,,,,
HP-L041,Halloween necklace,40,,,,Alloy/Resin/Plastic/ABS,,,1,,,,,
HP-L041B,Halloween necklace,40,,,,Alloy/Resin/Plastic/ABS,,,1,,,,,
HP-L042,Halloween necklace,40,,,,Alloy/Resin/Plastic/ABS,,,1,,,,,
HP-L042B,Halloween necklace,40,,,,Alloy/Resin/Plastic/ABS,,,1,,,,,
HP-L043,Halloween necklace,40,,,,Alloy/Resin/Plastic/ABS,,,1,,,,,
HP-L044,Halloween necklace,40,,,,Alloy/Resin/Plastic/ABS,,,1,,,,,
HP-L045,Halloween necklace,40,,,,Alloy/Resin/Plastic/ABS,,,1,,,,,
HP-L046,Halloween necklace,40,,,,Alloy/Resin/Plastic/ABS,,,1,,,,,
HP-L047,Halloween necklace,40,,,,Alloy/Resin/Plastic/ABS,,,1,,,,,
HP-L048,Halloween necklace,40,,,,Alloy/Resin/Plastic/ABS,3.54,,1,,144,25,25,25
HP-L049,Halloween necklace,40,,,,Alloy/Resin/Plastic/ABS,,,1,,,,,
HP-L050,Halloween necklace,40,,,,Alloy/Resin/Plastic/ABS,,,1,,,,,
HP-L051,Halloween necklace,40,,,,Alloy/Resin/Plastic/ABS,,,1,,,,,
HP-L052,Halloween necklace,40,,,,Alloy/Resin/Plastic/ABS,3.15,,1,,,,,
HP-L053,Halloween necklace,40,,,,Alloy/Resin/Plastic/ABS,,,1,,,,,
HP-L054,Halloween necklace,40,,,,Alloy/Resin/Plastic/ABS,,,1,,,,,
HP-L055,Halloween earring,,,,,Alloy/Resin/Plastic/ABS,,,1,,,,,
HP-L056,Halloween earring,,,,,Alloy/Resin/Plastic/ABS,,,1,,,,,
HP-L057,Halloween earring,,,,,Alloy/Resin/Plastic/ABS,,,1,,,,,
HP-L058,Halloween earring,,,,,Alloy/Resin/Plastic/ABS,,,1,,,,,
HP-L059,Halloween earring,,,,,Alloy/Resin/Plastic/ABS,,,1,,,,,
HP-L060,Halloween earring,,,,,Alloy/Resin/Plastic/ABS,,,1,,,,,
HP-L061,Halloween earring,,,,,Alloy/Resin/Plastic/ABS,,,1,,,,,
HP-L061B,Halloween earring,,,,,Alloy/Resin/Plastic/ABS,,,1,,,,,
HP-L061C,Halloween earring,,,,,Alloy/Resin/Plastic/ABS,2.8,,1,,,,,
HP-L062,Halloween bracelet,,,,,Alloy/Resin/Plastic/ABS,,,1,,,,,
HP-L063,Halloween bracelet,,,,,Alloy/Resin/Plastic/ABS,4.1,,1,,,,,
HP-L064,Halloween bracelet,,,,,Alloy/Resin/Plastic/ABS,,,1,,,,,
HP-L065,Halloween bracelet,,,,,Alloy/Resin/Plastic/ABS,,,1,,,,,
HP-L066B,Halloween bracelet,,,,,Alloy/Resin/Plastic/ABS,,,1,,,,,
HP-L066R,Halloween bracelet,,,,,Alloy/Resin/Plastic/ABS,,,1,,,,,
HP-L067,Halloween bracelet,,,,,Alloy/Resin/Plastic/ABS,,,1,,,,,
HP-L068,Halloween crown,,,,,Alloy/Resin/Plastic/ABS,,,1,,,,,
HP-L069,Halloween handband,,,,,Alloy/Resin/Plastic/ABS,5.1,,1,,,,,
HP-L070,Halloween handband,,,,,Alloy/Resin/Plastic/ABS,,,1,,,,,
HP-L072,Halloween crown,,,,,Alloy/Resin/Plastic/ABS,,,1,,,,,
HP-L073,Halloween crown,,,,,Alloy/Resin/Plastic/ABS,,,1,,,,,
HP-L074,Halloween crown,,,,,Alloy/Resin/Plastic/ABS,,,1,,,,,
HP-L075,Halloween earring,,,,,Alloy/Resin/Plastic/ABS,3.7,,1,,,,,
HP-L080,Halloween necklace,40,,,,Alloy/Resin/Plastic/ABS,,,1,,,,,
HP-L081,Halloween necklace,40,,,,Alloy/Resin/Plastic/ABS,4.1,,1,,,,,
HP-L082B,Halloween necklace,40,,,,Alloy/Resin/Plastic/ABS,,,1,,,,,
HP-L082G,Halloween necklace,40,,,,Alloy/Resin/Plastic/ABS,,,1,,,,,
HP-L083,Halloween badge,,,,,Alloy/Resin/Plastic/ABS,,,1,,,,,
HP-L084,Halloween earring,,,,,Alloy/Resin/Plastic/ABS,,,1,,,,,
HP-L085,Halloween bracelet,,,,,Alloy/Resin/Plastic/ABS,2.1,,1,,,,,
HP-L086,Halloween bracelet,,,,,Alloy/Resin/Plastic/ABS,4.18,,1,,,,,
HP-L087K,Halloween bracelet,,,,,Alloy/Resin/Plastic/ABS,,,1,,,,,
HP-L087R,Halloween bracelet,,,,,Alloy/Resin/Plastic/ABS,,,1,,,,,
HP-L087S,Halloween bracelet,,,,,Alloy/Resin/Plastic/ABS,,,1,,,,,
HP-L088,Halloween bracelet,,,,,Alloy/Resin/Plastic/ABS,4.1,,1,,,,,
HP-L091,Halloween necklace,39,,,,Alloy/Resin/Plastic/ABS,4.28,,1,,,,,
HP-L092,Halloween necklace,39,,,,Alloy/Resin/Plastic/ABS,4.28,,1,,,,,
HP-L094,Halloween necklace,39,,,,Alloy/Resin/Plastic/ABS,,,1,,,,,
HP-L095,Halloween necklace,39,,,,Alloy/Resin/Plastic/ABS,3.9,,1,,,,,
HP-L096,Halloween necklace,39,,,,Alloy/Resin/Plastic/ABS,,,1,,,,,
HP-L097,Halloween necklace,39,,,,Alloy/Resin/Plastic/ABS,,,1,,,,,
HP-L099,Halloween necklace,39,,,,Alloy/Resin/Plastic/ABS,,,1,,,,,
HP-L100,Halloween badge,,,,,Alloy/Resin/Plastic/ABS,,,1,,,,,
HP-L101,Halloween crown,,,,,Alloy/Resin/Plastic/ABS,,,1,,,,,
HP-L102,Halloween crown,,,,,Alloy/Resin/Plastic/ABS,7.8,,1,1500,216,60,40,40
HP-L103,Halloween crown,,,,,Alloy/Resin/Plastic/ABS,,,1,,,,,
HP-L104,Halloween crown,,,,,Alloy/Resin/Plastic/ABS,7.6,,1,,,,,
HP-L105,Halloween necklace,39,,,,Alloy/Resin/Plastic/ABS,,,1,,,,,
HP-L106,Halloween necklace,39,,,,Alloy/Resin/Plastic/ABS,,,1,,,,,
HP-L108,Halloween badge,,,,,Alloy/Resin/Plastic/ABS,1.8,,1,2200,240,40,30,20
HP-L109,Halloween earring,,,,,Alloy/Resin/Plastic/ABS,,,1,,,,,
HP-L110,Halloween necklace & earring set,,,,,Alloy/Resin/Plastic/ABS,3.92,,1,,,,,
HP-L111,Halloween crown,,,,,Alloy/Resin/Plastic/ABS,,,1,,,,,
HP-L112,Halloween bracelet,,,,,Alloy/Resin/Plastic/ABS,3.5,,1,,,,,
HP-L113,Halloween crown,,,,,Alloy/Resin/Plastic/ABS,,,1,,,,,
HP-L113B,Halloween necklace,39,,,,Alloy/Resin/Plastic/ABS,,,1,,,,,
HP-L114,Halloween bracelet,,,,,Alloy/Resin/Plastic/ABS,12.2,,1,,,,,
HP-L115,Halloween bracelet,,,,,Alloy/Resin/Plastic/ABS,4.8,,1,,,,,
HP-L115S,Halloween bracelet,,,,,Alloy/Resin/Plastic/ABS,4.8,,1,,,,,
HP-L116,Halloween handband,,,,,Alloy/Resin/Plastic/ABS,,,1,,,,,
HP-L118R,Halloween necklace,39,,,,Alloy/Resin/Plastic/ABS,2.3,,1,,,,,
HP-L118W,Halloween necklace,39,,,,Alloy/Resin/Plastic/ABS,2.3,,1,,,,,
HP-L119,Halloween earring,,,,,Alloy/Resin/Plastic/ABS,1.9,,1,,,,,
HP-L1210,Halloween necklace,39,,,,Alloy/Resin/Plastic/ABS,,,1,,,,,
HP-L131011,Halloween necklace,39,,,,Alloy/Resin/Plastic/ABS,,,1,,,,,
HP-L131014,Halloween necklace,39,,,,Alloy/Resin/Plastic/ABS,,,1,,,,,
HP-L13108,Halloween necklace,39,,,,Alloy/Resin/Plastic/ABS,,,1,,,,,
HP-L1312B,Halloween necklace,39,,,,Alloy/Resin/Plastic/ABS,2.3,,1,,,,,
HP-L1312-C,Halloween necklace,39,,,,Alloy/Resin/Plastic/ABS,1.95,,1,,,,,
HP-L141014,Halloween bracelet,,,,,Alloy/Resin/Plastic/ABS,2.99,,1,,,,,
HP-L150418,Halloween necklace,39,,,,Alloy/Resin/Plastic/ABS,,,1,,,,,
HP-L15123,Halloween necklace,39,,,,Alloy/Resin/Plastic/ABS,4.65,,1,,,,,
HP-L15310,Halloween necklace,39,,,,Alloy/Resin/Plastic/ABS,2.5,,1,,,,,
HP-L1569A,Halloween necklace,39,,,,Alloy/Resin/Plastic/ABS,,,1,,,,,
HP-L1569B,Halloween necklace,39,,,,Alloy/Resin/Plastic/ABS,,,1,,,,,
HP-L160823,Halloween earring,,,,,Alloy/Resin/Plastic/ABS,,,1,,,,,
HP-L16101,Halloween bracelet,,,,,Alloy/Resin/Plastic/ABS,,,1,,,,,
HP-L161010,Halloween necklace,39,,,,Alloy/Resin/Plastic/ABS,,,1,,,,,
HP-L161013,Halloween necklace,39,,,,Alloy/Resin/Plastic/ABS,3.98,,1,,,,,
HP-L161018,Halloween necklace,39,,,,Alloy/Resin/Plastic/ABS,,,1,,,,,
HP-L16102,Halloween bracelet,,,,,Alloy/Resin/Plastic/ABS,4.2,,1,,,,,
HP-L161022A,Halloween necklace,39,,,,Alloy/Resin/Plastic/ABS,3.6,,1,,,,,
HP-L161022A&A-1,Halloween necklace & earring set,,,,,Alloy/Resin/Plastic/ABS,,,1,,,,,
HP-L161022A-1,Halloween earring,,,,,Alloy/Resin/Plastic/ABS,2,,1,,,,,
HP-L161022B,Halloween necklace,39,,,,Alloy/Resin/Plastic/ABS,,,1,,,,,
HP-L161022B&B-1,Halloween necklace & earring set,,,,,Alloy/Resin/Plastic/ABS,,,1,,,,,
HP-L161022B-1,Halloween earring,,,,,Alloy/Resin/Plastic/ABS,2,,1,,,,,
HP-L161022C,Halloween necklace,39,,,,Alloy/Resin/Plastic/ABS,,,1,,,,,
HP-L161022C&C-1,Halloween necklace & earring set,,,,,Alloy/Resin/Plastic/ABS,,,1,,,,,
HP-L161022C-1,Halloween earring,,,,,Alloy/Resin/Plastic/ABS,2,,1,,,,,
HP-L161022D,Halloween necklace,39,,,,Alloy/Resin/Plastic/ABS,,,1,,,,,
HP-L161022D&D-1,Halloween necklace & earring set,,,,,Alloy/Resin/Plastic/ABS,,,1,,,,,
HP-L161022D-1,Halloween earring,,,,,Alloy/Resin/Plastic/ABS,,,1,,,,,
HP-L161026,Halloween crown,,,,,Alloy/Resin/Plastic/ABS,,,1,,,,,
HP-L161027,Halloween crown,,,,,Alloy/Resin/Plastic/ABS,,,1,,,,,
HP-L161029,Halloween bracelet,,,,,Alloy/Resin/Plastic/ABS,3.3,,1,,,,,
HP-L16103,Halloween handband,,,,,Alloy/Resin/Plastic/ABS,4.1,,1,,216,50,40,45
HP-L161030,Halloween necklace,39,,,,Alloy/Resin/Plastic/ABS,3.1,,1,,,,,
HP-L161031,Halloween necklace,39,,,,Alloy/Resin/Plastic/ABS,3.8,,1,,,,,
HP-L16104,Halloween necklace,39,,,,Alloy/Resin/Plastic/ABS,,,1,,,,,
HP-L16105,Halloween necklace,39,,,,Alloy/Resin/Plastic/ABS,3.4,,1,,,,,
HP-L16105-3,Halloween handband,,,,,Alloy/Resin/Plastic/ABS,,,1,,,,,
HP-L16105-9,Halloween earring,,,,,Alloy/Resin/Plastic/ABS,,,1,,,,,
HP-L16105-9B,Halloween earring,,,,,Alloy/Resin/Plastic/ABS,,,1,,,,,
HP-L16105-9R,Halloween earring,,,,,Alloy/Resin/Plastic/ABS,,,1,,,,,
HP-L16106,Halloween necklace,39,,,,Alloy/Resin/Plastic/ABS,6.45,,1,,,,,
HP-L16107,Halloween necklace,39,,,,Alloy/Resin/Plastic/ABS,,,1,,,,,
HP-L16109,Halloween necklace,39,,,,Alloy/Resin/Plastic/ABS,,,1,,,,,
HP-L1611172,Halloween bracelet,,,,,Alloy/Resin/Plastic/ABS,3.4,,1,,,,,
HP-L1611173,Halloween bracelet,,,,,Alloy/Resin/Plastic/ABS,3.3,,1,,,,,
HP-L1611203,Halloween necklace,39,,,,Alloy/Resin/Plastic/ABS,,,1,,,,,
HP-L161120-4,Halloween earring,,,,,Alloy/Resin/Plastic/ABS,,,1,,,,,
HP-L1611A,Halloween bracelet,,,,,Alloy/Resin/Plastic/ABS,,,1,,,,,
HP-L16417B,Halloween necklace,39,,,,Alloy/Resin/Plastic/ABS,,,1,,,,,
HP-L1643,Halloween bracelet,,,,,Alloy/Resin/Plastic/ABS,6.5,,1,,,,,
HP-L1645,Halloween bracelet,,,,,Alloy/Resin/Plastic/ABS,4.8,,1,,,,,
HP-L16A,Halloween necklace,39,,,,Alloy/Resin/Plastic/ABS,,,1,,,,,
HP-L170418,Halloween necklace,39,,,,Alloy/Resin/Plastic/ABS,,,1,,,,,
HP-L170419,Halloween necklace,39,,,,Alloy/Resin/Plastic/ABS,3.3,,1,,,,,
HP-L170531,Party Badge,5.8,5.1,,,Alloy/Resin/Plastic/ABS,3.1,,1,,,,,
HP-L170531B,Party Badge,5.8,5.1,,,Alloy/Resin/Plastic/ABS,3.1,,1,,,,,
HP-L171030-5,Halloween necklace (5 Bones),,,,,Alloy/Resin/Plastic/ABS,4.9,,1,,240,40,30,40
HP-L171012-2,Halloween necklace,,,,,,5.2,,1,,,,,
HP-L1741,Halloween necklace,39,,,,Alloy/Resin/Plastic/ABS,2.5,,1,,,,,
HP-L17410,Halloween necklace,39,,,,Alloy/Resin/Plastic/ABS,,,1,,,,,
HP-L17412,Halloween necklace,39,,,,Alloy/Resin/Plastic/ABS,,,1,,,,,
HP-L17414,Halloween necklace,39,,,,Alloy/Resin/Plastic/ABS,,,1,,,,,
HP-L17415,Halloween necklace,39,,,,Alloy/Resin/Plastic/ABS,,,1,,,,,
HP-L17416,Halloween necklace,39,,,,Alloy/Resin/Plastic/ABS,,,1,,,,,
HP-L17417,Halloween necklace,39,,,,Alloy/Resin/Plastic/ABS,,,1,,,,,
HP-L17418,Halloween earring,,,,,Alloy/Resin/Plastic/ABS,,,1,,,,,
HP-L174181,Halloween earring,,,,,Alloy/Resin/Plastic/ABS,,,1,,,,,
HP-L174182,Halloween earring,,,,,Alloy/Resin/Plastic/ABS,,,1,,,,,
HP-L17419,Halloween earring,,,,,Alloy/Resin/Plastic/ABS,2.5,,1,,,,,
HP-L1742,Halloween necklace,39,,,,Alloy/Resin/Plastic/ABS,3.8,,1,,144,60,35,45
HP-L17420,Halloween earring,,,,,Alloy/Resin/Plastic/ABS,,,1,,,,,
HP-L17421,Halloween necklace,39,,,,Alloy/Resin/Plastic/ABS,,,1,,,,,
HP-L17422,Halloween necklace,39,,,,Alloy/Resin/Plastic/ABS,,,1,,,,,
HP-L17426,Party Crown,,,,,Alloy/Resin/Plastic/ABS,,,1,,,,,
HP-L17427,Party Crown,,,,,Alloy/Resin/Plastic/ABS,,,1,,,,,
HP-L17430,Halloween necklace,39,,,,Alloy/Resin/Plastic/ABS,,,1,,,,,
HP-L17432,Halloween necklace,39,,,,Alloy/Resin/Plastic/ABS,,,1,,,,,
HP-L17437,Halloween necklace,39,,,,Alloy/Resin/Plastic/ABS,,,1,,,,,
HP-L1744,Halloween necklace,39,,,,Alloy/Resin/Plastic/ABS,,,1,,,,,
HP-L1744B,Halloween necklace,39,,,,Alloy/Resin/Plastic/ABS,,,1,,,,,
HP-L1744C,Halloween necklace,39,,,,Alloy/Resin/Plastic/ABS,3.2,,1,,,,,
HP-L1746,Halloween necklace,39,,,,Alloy/Resin/Plastic/ABS,,,1,,,,,
HP-L1747,Halloween necklace,39,,,,Alloy/Resin/Plastic/ABS,3.28,,1,,,,,
HP-L1748,Halloween necklace,39,,,,Alloy/Resin/Plastic/ABS,,,1,,,,,
HP-L1748B,Halloween necklace,39,,,,Alloy/Resin/Plastic/ABS,,,1,,,,,
HP-L1749,Halloween necklace,39,,,,Alloy/Resin/Plastic/ABS,2.5,,1,,,,,
HP-L17525A,Party Bracelet,,,,,Alloy/Resin/Plastic/ABS,3.6,Inner Dia: 52mm,1,,,,,
HP-L17525B,Party Bracelet,,,,,Alloy/Resin/Plastic/ABS,3.6,Inner Dia: 52mm,1,,,,,
HP-L175301,Party Bracelet,,,,,Alloy/Resin/Plastic/ABS,,,1,,,,,
HP-L1753011,Party Bracelet,,,,,Alloy/Resin/Plastic/ABS,2,,1,,,,,
HP-L1753011B,Party Bracelet,,,,,Alloy/Resin/Plastic/ABS,2,,1,,,,,
HP-L1753012,Party necklace,,,,,Alloy/Resin/Plastic/ABS,,,1,,,,,
HP-L175302,Party decoration,,,,,Alloy/Resin/Plastic/ABS,,,1,,,,,
HP-L175303,Party ring,,,,,Alloy/Resin/Plastic/ABS,3.3,,1,,,,,
HP-L175304,Party ring,,,,,Alloy/Resin/Plastic/ABS,2.5,,1,,,,,
HP-L175305,Party ring,,,,,Alloy/Resin/Plastic/ABS,3.4,,1,,,,,
HP-L175306,Party Bracelet,,,,,Alloy/Resin/Plastic/ABS,,,1,,,,,
HP-L175307,Party necklace,,,,,Alloy/Resin/Plastic/ABS,,,1,,,,,
HP-L175308,Party necklace,,,,,Alloy/Resin/Plastic/ABS,3.66,,1,,,,,
HP-L175309,Party necklace,,,,,Alloy/Resin/Plastic/ABS,,,1,,,,,
HP-L17614-1,Halloween bracelet,,,,,Alloy/Resin/Plastic/ABS,4,,1,,,,,
HP-L18101,Party necklace,,,,,Alloy,2.6,D6.7cm,1,,,,,
HP-L181015,Party necklace,,,,,Alloy/Resin/Plastic/ABS,3.9,,1,,,,,
HP-L181025B,Halloween earring,,,,,Alloy/Resin/Plastic/ABS,,,1,,,,,
HP-L190618,Halloween necklace,39,,,,Alloy/Resin/Plastic/ABS,2.67,,1,,144,30,25,20
HP-L190619,Halloween necklace,39,,,,Alloy/Resin/Plastic/ABS,2.02,,1,,,,,
HP-L190620,Halloween necklace,39,,,,Alloy/Resin/Plastic/ABS,2.73,,1,,,,,
HP-L190621,Halloween necklace,39,,,,Alloy/Resin/Plastic/ABS,2.5,,1,,,,,
HP-L190622,Halloween necklace,39,,,,Alloy/Resin/Plastic/ABS,2.47,,1,,,,,
HP-L190623,Halloween necklace,39,,,,Alloy/Resin/Plastic/ABS,2.21,,1,,,,,
HP-L190624,Halloween necklace,39,,,,Alloy/Resin/Plastic/ABS,3.97,,1,,,,,
HP-L190632,Halloween necklace,39,,,,Alloy/Resin/Plastic/ABS,3.38,,1,,,,,
HP-L190633,Halloween necklace,39,,,,Alloy/Resin/Plastic/ABS,2.34,,1,,,,,
HP-L190633S,Halloween necklace,39,,,,Alloy/Resin/Plastic/ABS,2.34,,1,,,,,
HP-L190902,Halloween necklace,39,,,,Alloy/Resin/Plastic/ABS,4.9,,1,,,,,
HP-L190903,Halloween necklace,39,,,,Alloy/Resin/Plastic/ABS,4.81,,1,,,,,
HP-L190904,Halloween necklace,39,,,,Alloy/Resin/Plastic/ABS,3.6,,1,,,,,
HP-L190905,Halloween necklace,39,,,,Alloy/Resin/Plastic/ABS,3.51,,1,,,,,
HP-L190906,Halloween necklace,39,,,,Alloy/Resin/Plastic/ABS,3.71,,1,,,,,
HP-L190907,Halloween necklace,39,,,,Alloy/Resin/Plastic/ABS,3.6,,1,,,,,
HP-L190908,Halloween necklace,39,,,,Alloy/Resin/Plastic/ABS,4.9,,1,,,,,
HP-L190909,Halloween necklace,39,,,,Alloy/Resin/Plastic/ABS,4.81,,1,,,,,
HP-L190910,Halloween necklace,39,,,,Alloy/Resin/Plastic/ABS,3.3,,1,,,,,
HP-L190911,Halloween necklace,39,,,,Alloy/Resin/Plastic/ABS,3.2,,1,,,,,
HP-L190914,Halloween necklace,39,,,,Alloy/Resin/Plastic/ABS,4.81,,1,,,,,
HP-L190915,Halloween necklace,39,,,,Alloy/Resin/Plastic/ABS,3.25,,1,,,,,
HP-L190916,Halloween necklace,39,,,,Alloy/Resin/Plastic/ABS,3.15,,1,,,,,
HP-L190917,Halloween necklace,39,,,,Alloy/Resin/Plastic/ABS,2.86,,1,,,,,
HP-L190918,Halloween necklace,39,,,,Alloy/Resin/Plastic/ABS,2.8,,1,,,,,
HP-L190919,Halloween necklace,39,,,,Alloy/Resin/Plastic/ABS,2.8,,1,,,,,
HP-L190920,Halloween necklace,39,,,,Alloy/Resin/Plastic/ABS,2.8,,1,,,,,
HP-L190921,Halloween necklace,39,,,,Alloy/Resin/Plastic/ABS,2.75,,1,,,,,
HP-L190922,Halloween necklace,39,,,,Alloy/Resin/Plastic/ABS,2.76,,1,,,,,
HP-L190922A,Halloween Crown,,,,,Alloy/Resin/Plastic/ABS,4, PVC Box,1,,,,,
HP-L190922B,Halloween Crown,,,,,Alloy/Resin/Plastic/ABS,10.73, PVC Box,1,,,,,
HP-L190922C,Halloween earring,,,,,Alloy/Resin/Plastic/ABS,1.7,,1,,,,,
HP-L190922D,Halloween necklace,39,,,,Alloy/Resin/Plastic/ABS,3.6,,1,,,,,
HP-L190922D-Set,Halloween necklace & bracelet,,,,,Alloy/Resin/Plastic/ABS,9.1,,1,,,,,
HP-L190922E,Halloween bracelet,,,,,Alloy/Resin/Plastic/ABS,2.93,,1,,,,,
HP-L190922F-Set,Halloween necklace & bracelet,36,10,1.3,,Alloy/Resin/Plastic/ABS,9.1,,1,,,,,
HP-L190923,Halloween necklace,40,,,,Alloy/Resin/Plastic/ABS,2.3,,1,,,,,
HP-L190924,Halloween necklace,40,,,,Alloy/Resin/Plastic/ABS,3.4,,1,,,,,
HP-L190924A,Halloween necklace,40,,,,Alloy/Resin/Plastic/ABS,1.96,,1,,,,,
HP-L190924B,Halloween necklace,40,,,,Alloy/Resin/Plastic/ABS,3.4,,1,,,,,
HP-L190924C,Halloween necklace,40,,,,Alloy/Resin/Plastic/ABS,4.16,,1,,,,,
HP-L190924D,Halloween necklace,40,,,,Alloy/Resin/Plastic/ABS,3.6,,1,,,,,
HP-L190924E,Halloween necklace,40,,,,Alloy/Resin/Plastic/ABS,3.99,,1,,,,,
HP-L190924F,Halloween necklace,40,,,,Alloy/Resin/Plastic/ABS,3.9,,1,,,,,
HP-L190924G,Halloween necklace,40,,,,Alloy/Resin/Plastic/ABS,4.1,,1,,,,,
HP-L190924H,Halloween necklace,40,,,,Alloy/Resin/Plastic/ABS,4.94,,1,,,,,
HP-L190924i,Halloween necklace,40,,,,Alloy/Resin/Plastic/ABS,4.81,,1,,,,,
HP-L190924J,Halloween necklace,40,,,,Alloy/Resin/Plastic/ABS,3.32,,1,,,,,
HP-L190925,Halloween bracelet,,,,,Alloy/Resin/Plastic/ABS,3.4,,1,,,,,
HP-L190926,Mermaid necklace,39,,,N,Plastic/Resin/ABS,3.78,,1,,,,,
HP-L190927,Halloween Skull headband,17,22,,,Alloy/Resin/Plastic/ABS,2.6,,1,,,,,
HP-L190928,Headband,17,22,,,Alloy/Resin/Plastic/ABS,3.85,,1,,,,,
HP-L190929,Halloween necklace,40,,,,Alloy/Resin/Plastic/ABS,2.8,,1,,,,,
HP-L190930,Halloween web necklace,,,,,Alloy/Resin/Plastic/ABS,4.42,,1,,,,,
HP-L190931,Halloween earring,,,,,Alloy/Resin/Plastic/ABS,1.85,,1,,,,,
HP-L190932,Halloween earring,,,,,Alloy/Resin/Plastic/ABS,2.73,,1,,,,,
HP-L190937,Mermaid headband,17,22,,Y,Plastic/Resin/ABS,4.5,,1,,,,,
HP-L190938,Mermaid headband,17,22,,,Alloy/Resin/Plastic/ABS,4.7,,1,,,,,
HP-L190939,Mermaid headband,17,22,,,Alloy/Resin/Plastic/ABS,3.99,,1,,,,,
HP-L190940,Mermaid headband,17,22,,,Alloy/Resin/Plastic/ABS,3.8,,1,,,,,
HP-L190941,Mermaid headband,17,22,,,Alloy/Resin/Plastic/ABS,4.3,,1,,,,,
HP-L190942,Mermaid headband,17,22,,,Alloy/Resin/Plastic/ABS,4.29,,1,,,,,
HP-L190943,Shell headband,17,22,,,Alloy/Resin/Plastic/ABS,5.4,,1,,,,,
HP-L190944,Shell headband,17,22,,,Alloy/Resin/Plastic/ABS,5.4,,1,,,,,
HP-L190946,Party Crown,,,,,Alloy/Resin/Plastic/ABS,16.9, PVC Box,1,,,,,
HP-L190947,Party Crown,,,,,Alloy/Resin/Plastic/ABS,16.6, PVC Box,1,,,,,
HP-L190948,Party Crown,,,,,Alloy/Resin/Plastic/ABS,17.9, PVC Box,1,,,,,
HP-L190949,Party Crown,,,,,Alloy/Resin/Plastic/ABS,17.62, PVC Box,1,,,,,
HP-L190951,Party Crown,,,,,Alloy/Resin/Plastic/ABS,15.73, PVC Box,1,,,,,
HP-L190952,Party Crown,,,,,Alloy/Resin/Plastic/ABS,10.95, PVC Box,1,,,,,
HP-L191014,Halloween necklace,40,,,,Alloy/Resin/Plastic/ABS,2.21,,1,,,,,
HP-L191014A,Halloween necklace,40,,,,Alloy/Resin/Plastic/ABS,2.21,,1,,,,,
HP-L191014B,Halloween necklace,40,,,,Alloy/Resin/Plastic/ABS,2.21,,1,,,,,
HP-L191024C,Halloween necklace,40,,,,Alloy/Resin/Plastic/ABS,2.28,,1,,,,,
HP-L20061401,Flamingo headband,28,22,1.5,,,3.08,,1,2800,,,,
HP-L20061402,Palm headband,23,24,1.5,,,3.13,,1,2800,,,,
HP-L20061403,Glitter cats ear headband,16,19,1,,,2.3,,1,2800,,,,
HP-L200004,Halloween earring,30,25,25,,,3.29,,1,,,,,
HP-L200005,Halloween earring,30,25,25,,,3.29,,1,,,,,
HP-L200006,Halloween earring,25,20,25,,,3.3,,1,,,,,
HP-L200007,Halloween earring,25,20,25,,,3.4,,1,,,,,
HP-L200008,Halloween earring,30,25,25,,,3.2,,1,,,,,
HP-L200009,Halloween necklace,30,25,25,,,2.8,,1,,,,,
HP-L200010,Halloween necklace,30,30,25,,,3.3,,1,,,,,
HP-L200011,Halloween necklace,30,30,30,,,4.1,,1,,,,,
HP-L200012,Halloween necklace,30,30,25,,,3.7,,1,,,,,
HP-L200013,Halloween necklace,35,30,30,,,3.7,,1,,,,,
HP-L200014,Halloween necklace,35,30,30,,,3.66,,1,,,,,
HP-L200015,Halloween necklace,30,25,30,,,3.5,,1,,,,,
HP-L200016,Halloween necklace,30,25,30,,,2.85,,1,,,,,
HP-L200017,Halloween necklace,30,25,30,,,3.55,,1,,,,,
HP-L200018,Halloween necklace,30,25,30,,,3.95,,1,,,,,
HP-L200019,Halloween necklace,35,30,30,,,3.7,,1,,,,,
HP-L200020,Halloween necklace,30,25,30,,,3,,1,,,,,
HP-L200021,Halloween necklace,35,30,30,,,3.6,,1,,,,,
HP-L200022,Halloween necklace,30,25,30,,,3.8,,1,,,,,
HP-L200023,Halloween necklace,30,25,30,,,3.65,,1,,,,,
HP-L200024,Halloween necklace,30,25,30,,,3.6,,1,,,,,
HP-L200025,Halloween bracelet,40,35,40,,,3.25,,1,,,,,
HP-L200026,Halloween bracelet,40,35,40,,,3.4,,1,,,,,
HP-L200027,Halloween bracelet,45,40,45,,,3.4,,1,,,,,
HP-L200028,Mermaid headband,45,40,40,,,2.8,,1,,,,,
HP-L200029,Mermaid headband,45,40,40,,,3.3,,1,,,,,
HP-L200030,Mermaid headband,45,40,40,,,3.3,,1,,,,,
HP-L200031,Bunny headband,45,35,40,,,6.9,,1,,,,,
HP-L200032,Mermaid headband,35,20,25,,,3.98,,1,,,,,
HP-L200033,Mermaid headband,45,40,40,,,4.2,,1,,,,,
HP-L200034,Mermaid headband,40,35,40,,,5.6,,1,,,,,
HP-L220923,Halloween necklace,,,,,,2.5,,1,,144,30,30,30
HP-L220924,Halloween necklace,,,,,,1.7,,1,,144,30,30,30
HP-L181021,Halloween necklace,,,,,,4.8,,1,,120,35,30,30
HP-L38734_ROC,Halloween necklace,,,,,,4.1,,1,,,,,
HP-L38734_DIV,Halloween necklace,,,,,,4,,1,,,,,
